Material_ID,Category,Grade,Form,Specification,Description,Tensile_Strength_MPa,Yield_Strength_MPa,Elongation_Percent,Hardness_HB,Size_Dimensions,Quantity,Unit,Unit_Price_USD,Supplier,Buyer,WO_Number,MR_Number,PR_Number,RFQ_Number,Order_Date,Delivery_Date,Status,Heat_Number,MTC_Number,Inspection_Required,PMI_Required,Application
MAT-0001,Carbon Steel,A36,Pipe,ASTM A53,Carbon Steel A36 Pipe,1029,701,19,246,463mm x 371mm,13,EA,331.84,VDM Metals,Amanda Brown,WO-2024-8588,MR-2024-811,PR-2024-54015,RFQ-2024-2053,2025-06-15,2025-07-18,In Transit,H168433,MTC-23799,No,Yes,Pressure Vessel
MAT-0002,Carbon Steel,A36,Plate,ASTM A572,Carbon Steel A36 Plate,801,662,15,174,302mm x 267mm,47,MT,166.73,Special Metals,Emily Martinez,WO-2024-8014,MR-2024-396,PR-2024-42982,RFQ-2024-2825,2025-05-02,2025-06-11,On Site,H316050,MTC-66377,Yes,Yes,Structural
MAT-0003,Carbon Steel,A36,Bar,ASTM A516,Carbon Steel A36 Bar,992,636,30,356,389mm x 79mm,26,EA,70.95,ThyssenKrupp,Lisa Rodriguez,WO-2024-8125,MR-2024-917,PR-2024-52366,RFQ-2024-1540,2025-05-16,2025-07-08,Delivered,H724510,MTC-82420,Yes,Yes,Structural
MAT-0004,Carbon Steel,A36,Sheet,ASTM A572,Carbon Steel A36 Sheet,897,523,31,257,300mm x 118mm,35,EA,150.71,Allegheny Technologies,Michael Garcia,WO-2024-5916,MR-2024-589,PR-2024-66754,RFQ-2024-9432,2025-04-08,2025-05-07,Inspected,H638780,MTC-75248,No,Yes,Structural
MAT-0005,Carbon Steel,A36,Beam,ASTM A106,Carbon Steel A36 Beam,574,331,27,216,475mm x 318mm,63,MT,274.13,ThyssenKrupp,Lisa Rodriguez,WO-2024-5451,MR-2024-289,PR-2024-68340,RFQ-2024-4225,2025-05-31,2025-06-20,Delivered,H691314,MTC-17869,Yes,Yes,Piping
MAT-0006,Carbon Steel,A106,Pipe,ASTM A516,Carbon Steel A106 Pipe,760,393,27,261,312mm x 188mm,22,EA,21.09,Outokumpu,Robert Taylor,WO-2024-4981,MR-2024-408,PR-2024-12098,RFQ-2024-4896,2025-05-20,2025-07-12,Active,H901340,MTC-76794,No,Yes,Valve
MAT-0007,Carbon Steel,A106,Plate,ASTM A106,Carbon Steel A106 Plate,865,427,24,270,221mm x 240mm,25,EA,495.26,Acerinox,Emily Martinez,WO-2024-8470,MR-2024-727,PR-2024-88987,RFQ-2024-9560,2025-06-05,2025-06-22,In Transit,H648864,MTC-43874,No,No,Pressure Vessel
MAT-0008,Carbon Steel,A106,Bar,ASTM A572,Carbon Steel A106 Bar,423,799,24,262,136mm x 201mm,2,EA,331.29,VDM Metals,Emily Martinez,WO-2024-1607,MR-2024-396,PR-2024-24338,RFQ-2024-6354,2025-05-09,2025-06-01,In Transit,H468697,MTC-46458,No,Yes,Heat Exchanger
MAT-0009,Carbon Steel,A106,Sheet,ASTM A36,Carbon Steel A106 Sheet,416,314,24,320,35mm x 314mm,23,MT,339.01,Nucor Steel,Jennifer Davis,WO-2024-8595,MR-2024-859,PR-2024-35296,RFQ-2024-7951,2025-05-27,2025-06-15,Active,H339968,MTC-35229,No,Yes,Heat Exchanger
MAT-0010,Carbon Steel,A106,Beam,ASTM A516,Carbon Steel A106 Beam,724,782,25,163,286mm x 318mm,4,MT,443.07,Outokumpu,Lisa Rodriguez,WO-2024-8788,MR-2024-293,PR-2024-97325,RFQ-2024-1870,2025-05-14,2025-06-11,On Site,H849648,MTC-41086,No,No,Heat Exchanger
MAT-0011,Carbon Steel,A516-70,Pipe,ASTM A516,Carbon Steel A516-70 Pipe,473,458,25,383,90mm x 430mm,70,MT,209.05,Allegheny Technologies,Robert Taylor,WO-2024-2135,MR-2024-934,PR-2024-65531,RFQ-2024-3435,2025-04-03,2025-05-08,Active,H630954,MTC-57005,No,No,Pressure Vessel
MAT-0012,Carbon Steel,A516-70,Plate,ASTM A36,Carbon Steel A516-70 Plate,482,758,27,284,325mm x 447mm,76,FT,52.31,VDM Metals,Michael Garcia,WO-2024-8014,MR-2024-650,PR-2024-94953,RFQ-2024-7781,2025-04-19,2025-05-15,On Site,H356411,MTC-30285,No,Yes,Heat Exchanger
MAT-0013,Carbon Steel,A516-70,Bar,ASTM A53,Carbon Steel A516-70 Bar,567,627,33,278,109mm x 443mm,12,KG,315.74,Special Metals,Amanda Brown,WO-2024-7937,MR-2024-245,PR-2024-68489,RFQ-2024-1839,2025-04-17,2025-05-26,Delivered,H442513,MTC-99508,Yes,No,Structural
MAT-0014,Carbon Steel,A516-70,Sheet,ASTM A516,Carbon Steel A516-70 Sheet,691,722,33,241,250mm x 408mm,53,KG,484.64,Special Metals,Lisa Rodriguez,WO-2024-1969,MR-2024-211,PR-2024-23690,RFQ-2024-3575,2025-04-16,2025-05-29,Inspected,H716444,MTC-23055,Yes,Yes,Structural
MAT-0015,Carbon Steel,A516-70,Beam,ASTM A106,Carbon Steel A516-70 Beam,957,429,21,231,33mm x 233mm,26,FT,462.97,VDM Metals,Robert Taylor,WO-2024-1378,MR-2024-193,PR-2024-30997,RFQ-2024-1528,2025-05-29,2025-07-05,Inspected,H293413,MTC-88032,No,Yes,Structural
MAT-0016,Carbon Steel,A53,Pipe,ASTM A572,Carbon Steel A53 Pipe,814,799,29,325,441mm x 445mm,16,KG,197.66,Allegheny Technologies,Amanda Brown,WO-2024-4217,MR-2024-897,PR-2024-37671,RFQ-2024-2536,2025-06-13,2025-08-10,Delivered,H935494,MTC-70675,No,No,Heat Exchanger
MAT-0017,Carbon Steel,A53,Plate,ASTM A516,Carbon Steel A53 Plate,780,254,18,304,429mm x 21mm,21,MT,354.23,Special Metals,Mike Chen,WO-2024-2125,MR-2024-294,PR-2024-43583,RFQ-2024-9066,2025-04-24,2025-06-07,On Site,H425037,MTC-31110,No,Yes,Piping
MAT-0018,Carbon Steel,A53,Bar,ASTM A106,Carbon Steel A53 Bar,1171,727,23,331,194mm x 389mm,58,MT,210.37,Acerinox,Mike Chen,WO-2024-9462,MR-2024-724,PR-2024-40426,RFQ-2024-5298,2025-04-01,2025-04-17,On Site,H163887,MTC-66347,Yes,Yes,Piping
MAT-0019,Carbon Steel,A53,Sheet,ASTM A36,Carbon Steel A53 Sheet,791,427,28,339,374mm x 72mm,39,M,289.46,Allegheny Technologies,David Wilson,WO-2024-1274,MR-2024-539,PR-2024-19419,RFQ-2024-2598,2025-04-30,2025-06-28,In Transit,H100168,MTC-91486,No,No,Pressure Vessel
MAT-0020,Carbon Steel,A53,Beam,ASTM A106,Carbon Steel A53 Beam,1005,423,22,302,221mm x 404mm,78,MT,424.02,Acerinox,Emily Martinez,WO-2024-8530,MR-2024-224,PR-2024-27215,RFQ-2024-1125,2025-04-26,2025-06-19,Inspected,H470995,MTC-62385,Yes,No,Pressure Vessel
MAT-0021,Carbon Steel,A572,Pipe,ASTM A106,Carbon Steel A572 Pipe,522,399,20,313,449mm x 258mm,67,EA,241.81,Nucor Steel,David Wilson,WO-2024-5898,MR-2024-207,PR-2024-58213,RFQ-2024-4144,2025-03-29,2025-04-21,In Transit,H432550,MTC-49029,Yes,No,Structural
MAT-0022,Carbon Steel,A572,Plate,ASTM A516,Carbon Steel A572 Plate,836,515,25,358,173mm x 491mm,26,EA,17.8,Acerinox,Sarah Johnson,WO-2024-6425,MR-2024-705,PR-2024-56785,RFQ-2024-5468,2025-05-08,2025-05-27,In Transit,H772764,MTC-80588,Yes,No,Piping
MAT-0023,Carbon Steel,A572,Bar,ASTM A106,Carbon Steel A572 Bar,848,423,35,270,362mm x 268mm,4,EA,445.29,Outokumpu,Jennifer Davis,WO-2024-4649,MR-2024-292,PR-2024-92365,RFQ-2024-7779,2025-06-20,2025-07-09,On Site,H475667,MTC-97441,Yes,No,Heat Exchanger
MAT-0024,Carbon Steel,A572,Sheet,ASTM A572,Carbon Steel A572 Sheet,601,676,18,162,163mm x 266mm,36,MT,150.26,Special Metals,Michael Garcia,WO-2024-3477,MR-2024-773,PR-2024-25960,RFQ-2024-5523,2025-03-26,2025-04-26,Delivered,H552230,MTC-39664,Yes,No,Piping
MAT-0025,Carbon Steel,A572,Beam,ASTM A106,Carbon Steel A572 Beam,1183,559,35,395,423mm x 366mm,97,M,171.42,Carpenter Technology,David Wilson,WO-2024-7972,MR-2024-951,PR-2024-92326,RFQ-2024-8875,2025-04-21,2025-06-06,Active,H531957,MTC-90031,No,No,Pressure Vessel
MAT-0026,Stainless Steel,316L,Pipe,ASTM A240,Stainless Steel 316L Pipe,1175,418,25,229,276mm x 133mm,44,FT,238.99,ThyssenKrupp,Sarah Johnson,WO-2024-5838,MR-2024-789,PR-2024-43258,RFQ-2024-7636,2025-04-18,2025-05-06,Active,H840848,MTC-62951,No,Yes,Heat Exchanger
MAT-0027,Stainless Steel,316L,Plate,ASTM A276,Stainless Steel 316L Plate,757,743,21,157,46mm x 440mm,80,EA,462.14,Acerinox,David Wilson,WO-2024-6922,MR-2024-721,PR-2024-77791,RFQ-2024-7437,2025-04-14,2025-05-13,On Site,H857398,MTC-99172,No,No,Heat Exchanger
MAT-0028,Stainless Steel,316L,Bar,ASTM A479,Stainless Steel 316L Bar,575,593,18,262,319mm x 168mm,95,EA,434.58,Aperam,Emily Martinez,WO-2024-1599,MR-2024-280,PR-2024-69617,RFQ-2024-4548,2025-05-19,2025-06-18,Inspected,H899393,MTC-43532,No,Yes,Piping
MAT-0029,Stainless Steel,316L,Sheet,ASTM A479,Stainless Steel 316L Sheet,578,705,24,400,231mm x 31mm,77,KG,145.72,Acerinox,Mike Chen,WO-2024-1286,MR-2024-833,PR-2024-28344,RFQ-2024-9890,2025-04-27,2025-05-19,Active,H350039,MTC-94754,No,Yes,Heat Exchanger
MAT-0030,Stainless Steel,316L,Fitting,ASTM A479,Stainless Steel 316L Fitting,595,782,22,161,347mm x 191mm,30,EA,152.42,Aperam,Amanda Brown,WO-2024-3627,MR-2024-774,PR-2024-16898,RFQ-2024-1294,2025-04-02,2025-05-02,Inspected,H441896,MTC-34244,No,No,Heat Exchanger
MAT-0031,Stainless Steel,304,Pipe,ASTM A479,Stainless Steel 304 Pipe,680,673,23,155,163mm x 285mm,17,FT,11.88,Allegheny Technologies,Amanda Brown,WO-2024-5435,MR-2024-891,PR-2024-66765,RFQ-2024-3999,2025-04-18,2025-05-30,On Site,H488685,MTC-34102,Yes,No,Valve
MAT-0032,Stainless Steel,304,Plate,ASTM A182,Stainless Steel 304 Plate,774,334,28,178,149mm x 266mm,42,M,159.81,Aperam,Jennifer Davis,WO-2024-5701,MR-2024-953,PR-2024-88593,RFQ-2024-7806,2025-06-17,2025-08-12,Delivered,H850628,MTC-28353,No,Yes,Structural
MAT-0033,Stainless Steel,304,Bar,ASTM A182,Stainless Steel 304 Bar,913,654,35,332,266mm x 277mm,59,FT,10.86,Aperam,Lisa Rodriguez,WO-2024-2055,MR-2024-504,PR-2024-27692,RFQ-2024-1149,2025-04-24,2025-06-11,Active,H347260,MTC-86273,Yes,No,Valve
MAT-0034,Stainless Steel,304,Sheet,ASTM A182,Stainless Steel 304 Sheet,985,255,35,163,383mm x 14mm,46,FT,55.53,VDM Metals,Michael Garcia,WO-2024-7353,MR-2024-168,PR-2024-85501,RFQ-2024-2851,2025-05-14,2025-06-13,In Transit,H953244,MTC-79037,No,No,Pressure Vessel
MAT-0035,Stainless Steel,304,Fitting,ASTM A240,Stainless Steel 304 Fitting,845,371,28,164,330mm x 209mm,79,KG,96.03,Allegheny Technologies,Lisa Rodriguez,WO-2024-5019,MR-2024-620,PR-2024-64459,RFQ-2024-5291,2025-03-31,2025-05-26,Inspected,H621023,MTC-18610,No,Yes,Heat Exchanger
MAT-0036,Stainless Steel,304L,Pipe,ASTM A240,Stainless Steel 304L Pipe,1200,356,35,171,38mm x 310mm,17,MT,127.34,VDM Metals,Sarah Johnson,WO-2024-1690,MR-2024-625,PR-2024-26280,RFQ-2024-2078,2025-05-04,2025-06-14,On Site,H476831,MTC-27202,Yes,Yes,Pressure Vessel
MAT-0037,Stainless Steel,304L,Plate,ASTM A182,Stainless Steel 304L Plate,663,575,27,209,486mm x 429mm,75,FT,197.54,ThyssenKrupp,Sarah Johnson,WO-2024-4111,MR-2024-590,PR-2024-13781,RFQ-2024-7336,2025-06-09,2025-08-03,Delivered,H248169,MTC-79542,No,Yes,Structural
MAT-0038,Stainless Steel,304L,Bar,ASTM A479,Stainless Steel 304L Bar,548,607,25,306,226mm x 251mm,21,MT,195.71,Acerinox,David Wilson,WO-2024-4600,MR-2024-858,PR-2024-47167,RFQ-2024-6998,2025-03-27,2025-04-23,In Transit,H794821,MTC-65311,No,Yes,Valve
MAT-0039,Stainless Steel,304L,Sheet,ASTM A240,Stainless Steel 304L Sheet,641,295,20,293,490mm x 374mm,97,FT,423.75,Allegheny Technologies,Robert Taylor,WO-2024-4553,MR-2024-408,PR-2024-85524,RFQ-2024-3173,2025-06-04,2025-06-27,Inspected,H240641,MTC-83589,No,No,Piping
MAT-0040,Stainless Steel,304L,Fitting,ASTM A240,Stainless Steel 304L Fitting,642,771,29,193,314mm x 58mm,28,MT,420.79,ThyssenKrupp,David Wilson,WO-2024-1217,MR-2024-967,PR-2024-91122,RFQ-2024-6689,2025-05-19,2025-06-15,Active,H129024,MTC-15327,Yes,Yes,Structural
MAT-0041,Stainless Steel,316,Pipe,ASTM A276,Stainless Steel 316 Pipe,431,690,22,374,343mm x 281mm,87,M,129.22,Carpenter Technology,Mike Chen,WO-2024-9680,MR-2024-593,PR-2024-87319,RFQ-2024-8504,2025-04-10,2025-05-14,On Site,H173038,MTC-67700,No,Yes,Pressure Vessel
MAT-0042,Stainless Steel,316,Plate,ASTM A182,Stainless Steel 316 Plate,1171,796,17,181,324mm x 416mm,36,EA,478.57,Carpenter Technology,Sarah Johnson,WO-2024-9122,MR-2024-101,PR-2024-40993,RFQ-2024-8148,2025-06-14,2025-07-08,In Transit,H997254,MTC-53464,No,No,Piping
MAT-0043,Stainless Steel,316,Bar,ASTM A312,Stainless Steel 316 Bar,1165,575,18,376,158mm x 323mm,81,KG,483.64,Carpenter Technology,Jennifer Davis,WO-2024-9170,MR-2024-404,PR-2024-28065,RFQ-2024-2715,2025-05-29,2025-07-04,On Site,H870199,MTC-59415,Yes,No,Piping
MAT-0044,Stainless Steel,316,Sheet,ASTM A182,Stainless Steel 316 Sheet,1197,727,17,295,132mm x 310mm,51,KG,431.55,Acerinox,Emily Martinez,WO-2024-6263,MR-2024-351,PR-2024-80584,RFQ-2024-5925,2025-05-25,2025-06-18,Inspected,H404748,MTC-62733,Yes,No,Valve
MAT-0045,Stainless Steel,316,Fitting,ASTM A479,Stainless Steel 316 Fitting,1080,726,35,316,386mm x 171mm,24,MT,369.81,Acerinox,David Wilson,WO-2024-5853,MR-2024-487,PR-2024-73719,RFQ-2024-5936,2025-04-08,2025-05-27,Inspected,H389632,MTC-94603,Yes,Yes,Pressure Vessel
MAT-0046,Stainless Steel,321,Pipe,ASTM A276,Stainless Steel 321 Pipe,1129,273,30,178,380mm x 130mm,17,FT,105.85,ThyssenKrupp,Sarah Johnson,WO-2024-2486,MR-2024-937,PR-2024-37665,RFQ-2024-8376,2025-04-25,2025-05-29,Active,H992454,MTC-18708,No,No,Heat Exchanger
MAT-0047,Stainless Steel,321,Plate,ASTM A479,Stainless Steel 321 Plate,573,582,17,184,469mm x 154mm,61,EA,79.59,Nucor Steel,Sarah Johnson,WO-2024-8597,MR-2024-595,PR-2024-69685,RFQ-2024-9328,2025-05-17,2025-07-08,In Transit,H169424,MTC-17037,Yes,No,Valve
MAT-0048,Stainless Steel,321,Bar,ASTM A182,Stainless Steel 321 Bar,781,628,28,363,282mm x 272mm,3,FT,201.59,Special Metals,Lisa Rodriguez,WO-2024-5618,MR-2024-577,PR-2024-53910,RFQ-2024-3168,2025-06-17,2025-07-06,Active,H255772,MTC-74219,Yes,Yes,Piping
MAT-0049,Stainless Steel,321,Sheet,ASTM A312,Stainless Steel 321 Sheet,1035,466,19,340,357mm x 451mm,43,EA,36.26,Nucor Steel,Emily Martinez,WO-2024-4209,MR-2024-524,PR-2024-59634,RFQ-2024-2705,2025-05-08,2025-06-23,In Transit,H129048,MTC-88873,No,Yes,Piping
MAT-0050,Stainless Steel,321,Fitting,ASTM A240,Stainless Steel 321 Fitting,1175,343,16,254,425mm x 95mm,27,M,103.87,Nucor Steel,Lisa Rodriguez,WO-2024-1358,MR-2024-912,PR-2024-56320,RFQ-2024-8391,2025-05-06,2025-06-25,Delivered,H656533,MTC-52093,No,Yes,Heat Exchanger
MAT-0051,Stainless Steel,347,Pipe,ASTM A479,Stainless Steel 347 Pipe,849,777,35,251,299mm x 283mm,54,FT,200.14,ThyssenKrupp,John Smith,WO-2024-2937,MR-2024-631,PR-2024-26280,RFQ-2024-8886,2025-06-14,2025-07-31,Delivered,H178234,MTC-90928,Yes,Yes,Piping
MAT-0052,Stainless Steel,347,Plate,ASTM A312,Stainless Steel 347 Plate,668,581,34,201,249mm x 37mm,63,M,469.02,Outokumpu,Mike Chen,WO-2024-9889,MR-2024-589,PR-2024-33054,RFQ-2024-1794,2025-04-14,2025-06-08,Delivered,H698551,MTC-10178,No,Yes,Piping
MAT-0053,Stainless Steel,347,Bar,ASTM A312,Stainless Steel 347 Bar,850,762,27,341,290mm x 179mm,76,MT,31.84,Special Metals,Amanda Brown,WO-2024-3664,MR-2024-197,PR-2024-36661,RFQ-2024-8726,2025-03-27,2025-05-16,Active,H252013,MTC-40202,Yes,No,Pressure Vessel
MAT-0054,Stainless Steel,347,Sheet,ASTM A182,Stainless Steel 347 Sheet,822,658,30,243,84mm x 370mm,76,MT,358.23,ThyssenKrupp,Lisa Rodriguez,WO-2024-9419,MR-2024-547,PR-2024-90135,RFQ-2024-9679,2025-06-02,2025-07-04,Inspected,H162955,MTC-45558,No,Yes,Piping
MAT-0055,Stainless Steel,347,Fitting,ASTM A312,Stainless Steel 347 Fitting,909,676,24,367,119mm x 134mm,70,MT,405.07,Acerinox,Jennifer Davis,WO-2024-2482,MR-2024-348,PR-2024-54566,RFQ-2024-5376,2025-04-19,2025-05-03,In Transit,H271028,MTC-89682,Yes,Yes,Heat Exchanger
MAT-0056,Stainless Steel,410,Pipe,ASTM A479,Stainless Steel 410 Pipe,732,420,33,270,163mm x 39mm,77,M,140.63,Special Metals,Emily Martinez,WO-2024-9446,MR-2024-989,PR-2024-51070,RFQ-2024-4489,2025-04-09,2025-06-02,Delivered,H758039,MTC-17146,No,No,Heat Exchanger
MAT-0057,Stainless Steel,410,Plate,ASTM A182,Stainless Steel 410 Plate,522,533,32,217,430mm x 139mm,58,M,489.68,Sandvik,Michael Garcia,WO-2024-4342,MR-2024-773,PR-2024-77198,RFQ-2024-6598,2025-04-20,2025-05-25,On Site,H883412,MTC-48117,Yes,Yes,Pressure Vessel
MAT-0058,Stainless Steel,410,Bar,ASTM A276,Stainless Steel 410 Bar,1067,658,16,336,201mm x 57mm,5,KG,254.03,ThyssenKrupp,Mike Chen,WO-2024-7311,MR-2024-566,PR-2024-80372,RFQ-2024-3778,2025-04-08,2025-04-24,Active,H267231,MTC-29159,No,Yes,Valve
MAT-0059,Stainless Steel,410,Sheet,ASTM A312,Stainless Steel 410 Sheet,763,438,30,198,480mm x 36mm,40,KG,347.82,Sandvik,Mike Chen,WO-2024-6491,MR-2024-235,PR-2024-41236,RFQ-2024-3980,2025-05-20,2025-07-01,Active,H370435,MTC-45894,No,No,Heat Exchanger
MAT-0060,Stainless Steel,410,Fitting,ASTM A276,Stainless Steel 410 Fitting,604,695,34,182,325mm x 453mm,94,FT,325.24,Sandvik,Robert Taylor,WO-2024-1144,MR-2024-103,PR-2024-24626,RFQ-2024-8364,2025-05-07,2025-06-24,Delivered,H262419,MTC-89986,No,No,Valve
MAT-0061,Stainless Steel,430,Pipe,ASTM A312,Stainless Steel 430 Pipe,668,444,26,301,39mm x 478mm,19,M,51.31,Outokumpu,David Wilson,WO-2024-4586,MR-2024-971,PR-2024-73329,RFQ-2024-3571,2025-04-04,2025-05-30,Delivered,H557604,MTC-95195,No,Yes,Structural
MAT-0062,Stainless Steel,430,Plate,ASTM A479,Stainless Steel 430 Plate,702,473,34,252,435mm x 196mm,30,M,315.9,ThyssenKrupp,Emily Martinez,WO-2024-3389,MR-2024-100,PR-2024-91542,RFQ-2024-4069,2025-06-05,2025-07-07,Active,H912663,MTC-11576,Yes,Yes,Structural
MAT-0063,Stainless Steel,430,Bar,ASTM A182,Stainless Steel 430 Bar,999,779,22,274,390mm x 62mm,64,EA,208.26,ThyssenKrupp,John Smith,WO-2024-1261,MR-2024-433,PR-2024-31791,RFQ-2024-9539,2025-05-29,2025-07-18,Delivered,H921055,MTC-16038,Yes,No,Structural
MAT-0064,Stainless Steel,430,Sheet,ASTM A276,Stainless Steel 430 Sheet,982,428,28,189,319mm x 80mm,66,KG,83.93,Nucor Steel,Emily Martinez,WO-2024-5251,MR-2024-635,PR-2024-24743,RFQ-2024-4708,2025-05-18,2025-06-13,On Site,H704168,MTC-57027,No,Yes,Structural
MAT-0065,Stainless Steel,430,Fitting,ASTM A182,Stainless Steel 430 Fitting,429,444,31,169,499mm x 40mm,37,KG,64.58,ThyssenKrupp,Sarah Johnson,WO-2024-7635,MR-2024-865,PR-2024-95887,RFQ-2024-2186,2025-04-28,2025-05-17,On Site,H820900,MTC-26634,No,No,Structural
MAT-0066,Aluminum,6061-T6,Plate,ASTM B209,Aluminum 6061-T6 Plate,481,567,20,312,439mm x 100mm,94,KG,402.53,Acerinox,Jennifer Davis,WO-2024-3651,MR-2024-228,PR-2024-34718,RFQ-2024-8002,2025-05-03,2025-06-11,In Transit,H494229,MTC-73486,No,No,Pressure Vessel
MAT-0067,Aluminum,6061-T6,Sheet,ASTM B234,Aluminum 6061-T6 Sheet,1077,691,32,231,132mm x 23mm,99,EA,356.78,ThyssenKrupp,David Wilson,WO-2024-1565,MR-2024-714,PR-2024-63733,RFQ-2024-3944,2025-06-01,2025-06-20,Active,H629271,MTC-12833,No,No,Piping
MAT-0068,Aluminum,6061-T6,Bar,ASTM B211,Aluminum 6061-T6 Bar,483,461,35,307,92mm x 277mm,80,FT,119.26,Special Metals,Lisa Rodriguez,WO-2024-6615,MR-2024-580,PR-2024-41879,RFQ-2024-4004,2025-03-30,2025-05-02,Active,H223567,MTC-30282,Yes,Yes,Pressure Vessel
MAT-0069,Aluminum,6061-T6,Tube,ASTM B209,Aluminum 6061-T6 Tube,975,515,26,253,74mm x 52mm,90,EA,493.51,Carpenter Technology,Emily Martinez,WO-2024-2921,MR-2024-680,PR-2024-14459,RFQ-2024-4044,2025-04-11,2025-06-06,Delivered,H454128,MTC-37895,No,Yes,Pressure Vessel
MAT-0070,Aluminum,6061-T6,Angle,ASTM B209,Aluminum 6061-T6 Angle,815,723,28,329,463mm x 415mm,25,MT,353.48,Special Metals,Sarah Johnson,WO-2024-4696,MR-2024-396,PR-2024-55047,RFQ-2024-2254,2025-04-28,2025-06-02,On Site,H288423,MTC-26798,Yes,No,Heat Exchanger
MAT-0071,Aluminum,5052-H32,Plate,ASTM B221,Aluminum 5052-H32 Plate,1047,565,32,163,251mm x 447mm,89,EA,270.74,Aperam,Sarah Johnson,WO-2024-5199,MR-2024-434,PR-2024-30555,RFQ-2024-1543,2025-04-12,2025-06-05,On Site,H344214,MTC-76969,Yes,No,Piping
MAT-0072,Aluminum,5052-H32,Sheet,ASTM B234,Aluminum 5052-H32 Sheet,719,541,27,174,140mm x 198mm,6,M,392.37,Nucor Steel,Jennifer Davis,WO-2024-4626,MR-2024-605,PR-2024-99264,RFQ-2024-2894,2025-04-24,2025-06-13,On Site,H368214,MTC-81676,No,No,Structural
MAT-0073,Aluminum,5052-H32,Bar,ASTM B211,Aluminum 5052-H32 Bar,807,667,28,233,350mm x 40mm,47,EA,113.23,Nucor Steel,David Wilson,WO-2024-6816,MR-2024-629,PR-2024-60564,RFQ-2024-4060,2025-04-07,2025-05-08,Delivered,H210612,MTC-76424,No,Yes,Valve
MAT-0074,Aluminum,5052-H32,Tube,ASTM B221,Aluminum 5052-H32 Tube,566,557,23,227,186mm x 471mm,78,MT,160.61,Allegheny Technologies,David Wilson,WO-2024-8334,MR-2024-690,PR-2024-27932,RFQ-2024-5514,2025-05-19,2025-07-12,Inspected,H229601,MTC-24398,No,No,Piping
MAT-0075,Aluminum,5052-H32,Angle,ASTM B234,Aluminum 5052-H32 Angle,466,510,33,330,292mm x 432mm,14,EA,194.53,Carpenter Technology,John Smith,WO-2024-4999,MR-2024-121,PR-2024-72474,RFQ-2024-3013,2025-05-18,2025-06-17,Delivered,H137251,MTC-85264,Yes,Yes,Structural
MAT-0076,Aluminum,3003-H14,Plate,ASTM B234,Aluminum 3003-H14 Plate,933,501,26,289,181mm x 448mm,14,KG,396.36,Aperam,Emily Martinez,WO-2024-1976,MR-2024-589,PR-2024-88410,RFQ-2024-7802,2025-05-08,2025-05-23,In Transit,H488429,MTC-37093,Yes,Yes,Pressure Vessel
MAT-0077,Aluminum,3003-H14,Sheet,ASTM B209,Aluminum 3003-H14 Sheet,1146,263,32,292,324mm x 462mm,65,KG,336.04,ThyssenKrupp,John Smith,WO-2024-2751,MR-2024-652,PR-2024-19986,RFQ-2024-5368,2025-04-08,2025-05-31,Inspected,H989852,MTC-24759,Yes,No,Valve
MAT-0078,Aluminum,3003-H14,Bar,ASTM B209,Aluminum 3003-H14 Bar,459,288,19,202,107mm x 482mm,4,M,206.68,Special Metals,Lisa Rodriguez,WO-2024-1099,MR-2024-800,PR-2024-67362,RFQ-2024-9316,2025-05-16,2025-06-02,Inspected,H603347,MTC-75866,No,No,Heat Exchanger
MAT-0079,Aluminum,3003-H14,Tube,ASTM B209,Aluminum 3003-H14 Tube,1139,370,25,233,270mm x 421mm,84,FT,330.59,Sandvik,Robert Taylor,WO-2024-2469,MR-2024-829,PR-2024-30105,RFQ-2024-8157,2025-06-08,2025-07-23,In Transit,H701955,MTC-54226,Yes,Yes,Piping
MAT-0080,Aluminum,3003-H14,Angle,ASTM B234,Aluminum 3003-H14 Angle,1095,626,33,187,115mm x 66mm,26,KG,303.59,Aperam,Robert Taylor,WO-2024-8996,MR-2024-763,PR-2024-13358,RFQ-2024-5428,2025-03-30,2025-04-28,Delivered,H757649,MTC-50794,No,No,Valve
MAT-0081,Aluminum,7075-T6,Plate,ASTM B221,Aluminum 7075-T6 Plate,902,505,31,269,232mm x 40mm,58,FT,121.14,Aperam,Amanda Brown,WO-2024-2485,MR-2024-822,PR-2024-82345,RFQ-2024-1313,2025-05-08,2025-06-08,On Site,H820288,MTC-34704,Yes,No,Valve
MAT-0082,Aluminum,7075-T6,Sheet,ASTM B209,Aluminum 7075-T6 Sheet,871,405,26,243,431mm x 55mm,12,KG,56.78,Sandvik,Lisa Rodriguez,WO-2024-3497,MR-2024-123,PR-2024-76197,RFQ-2024-7869,2025-05-27,2025-07-16,On Site,H449011,MTC-33279,No,Yes,Heat Exchanger
MAT-0083,Aluminum,7075-T6,Bar,ASTM B221,Aluminum 7075-T6 Bar,862,312,31,400,159mm x 101mm,31,M,172.24,Carpenter Technology,Michael Garcia,WO-2024-8146,MR-2024-820,PR-2024-21530,RFQ-2024-6731,2025-05-17,2025-07-15,Active,H324320,MTC-62109,Yes,Yes,Structural
MAT-0084,Aluminum,7075-T6,Tube,ASTM B209,Aluminum 7075-T6 Tube,513,478,18,399,238mm x 59mm,29,M,469.03,Outokumpu,Amanda Brown,WO-2024-7249,MR-2024-196,PR-2024-27250,RFQ-2024-7628,2025-06-18,2025-07-02,Inspected,H996101,MTC-15883,No,Yes,Pressure Vessel
MAT-0085,Aluminum,7075-T6,Angle,ASTM B308,Aluminum 7075-T6 Angle,981,355,19,192,385mm x 178mm,68,KG,419.45,Acerinox,David Wilson,WO-2024-8073,MR-2024-387,PR-2024-83857,RFQ-2024-6702,2025-05-16,2025-06-08,On Site,H490940,MTC-62561,Yes,No,Heat Exchanger
MAT-0086,Aluminum,2024-T4,Plate,ASTM B221,Aluminum 2024-T4 Plate,707,600,33,254,69mm x 197mm,60,EA,109.05,Nucor Steel,Jennifer Davis,WO-2024-6673,MR-2024-356,PR-2024-83999,RFQ-2024-2802,2025-06-08,2025-08-05,Inspected,H814120,MTC-91144,No,No,Valve
MAT-0087,Aluminum,2024-T4,Sheet,ASTM B211,Aluminum 2024-T4 Sheet,827,435,20,269,373mm x 32mm,89,EA,66.36,Acerinox,Mike Chen,WO-2024-3174,MR-2024-384,PR-2024-56612,RFQ-2024-6168,2025-04-25,2025-06-11,Delivered,H665739,MTC-32251,No,No,Pressure Vessel
MAT-0088,Aluminum,2024-T4,Bar,ASTM B234,Aluminum 2024-T4 Bar,440,364,17,377,376mm x 38mm,82,EA,373.32,Nucor Steel,Robert Taylor,WO-2024-9861,MR-2024-279,PR-2024-56452,RFQ-2024-6847,2025-04-28,2025-05-20,Active,H272744,MTC-18251,No,No,Piping
MAT-0089,Aluminum,2024-T4,Tube,ASTM B211,Aluminum 2024-T4 Tube,921,523,24,158,420mm x 20mm,27,KG,451.06,ThyssenKrupp,Robert Taylor,WO-2024-4644,MR-2024-521,PR-2024-51744,RFQ-2024-5178,2025-06-22,2025-08-15,Inspected,H169208,MTC-52961,Yes,Yes,Structural
MAT-0090,Aluminum,2024-T4,Angle,ASTM B308,Aluminum 2024-T4 Angle,625,514,27,176,408mm x 392mm,71,EA,490.72,Carpenter Technology,David Wilson,WO-2024-3508,MR-2024-465,PR-2024-71995,RFQ-2024-7819,2025-06-01,2025-06-25,Inspected,H152962,MTC-78241,Yes,No,Piping
MAT-0091,Alloy Steel,4140,Bar,ASTM A514,Alloy Steel 4140 Bar,1033,620,22,210,430mm x 97mm,61,EA,250.8,Sandvik,Amanda Brown,WO-2024-8407,MR-2024-619,PR-2024-34867,RFQ-2024-6127,2025-05-03,2025-06-07,On Site,H371918,MTC-28687,No,Yes,Pressure Vessel
MAT-0092,Alloy Steel,4140,Plate,ASTM A29,Alloy Steel 4140 Plate,775,291,23,332,346mm x 398mm,81,FT,293.43,ThyssenKrupp,Michael Garcia,WO-2024-4727,MR-2024-825,PR-2024-75866,RFQ-2024-6671,2025-03-28,2025-04-24,On Site,H282186,MTC-17875,Yes,No,Heat Exchanger
MAT-0093,Alloy Steel,4140,Rod,ASTM A514,Alloy Steel 4140 Rod,959,447,26,320,275mm x 77mm,79,M,369.83,ThyssenKrupp,Michael Garcia,WO-2024-5631,MR-2024-235,PR-2024-20343,RFQ-2024-8866,2025-06-13,2025-07-28,Delivered,H246249,MTC-55489,No,No,Pressure Vessel
MAT-0094,Alloy Steel,4140,Tube,ASTM A320,Alloy Steel 4140 Tube,764,395,24,229,470mm x 263mm,81,KG,32.67,Aperam,Jennifer Davis,WO-2024-2119,MR-2024-894,PR-2024-13154,RFQ-2024-3358,2025-06-20,2025-07-11,Inspected,H600468,MTC-18730,Yes,Yes,Pressure Vessel
MAT-0095,Alloy Steel,4140,Sheet,ASTM A514,Alloy Steel 4140 Sheet,454,705,16,181,135mm x 201mm,93,MT,125.02,Allegheny Technologies,Jennifer Davis,WO-2024-2122,MR-2024-299,PR-2024-38402,RFQ-2024-3826,2025-06-11,2025-07-31,In Transit,H605577,MTC-86594,No,No,Structural
MAT-0096,Alloy Steel,4340,Bar,ASTM A29,Alloy Steel 4340 Bar,412,288,23,204,299mm x 31mm,38,EA,325.13,Sandvik,Sarah Johnson,WO-2024-1304,MR-2024-332,PR-2024-17521,RFQ-2024-4476,2025-05-08,2025-07-05,Inspected,H748050,MTC-27735,No,Yes,Pressure Vessel
MAT-0097,Alloy Steel,4340,Plate,ASTM A193,Alloy Steel 4340 Plate,871,711,34,362,252mm x 67mm,13,KG,192.88,Carpenter Technology,Mike Chen,WO-2024-9916,MR-2024-826,PR-2024-70098,RFQ-2024-9174,2025-04-24,2025-05-27,Delivered,H346130,MTC-17544,Yes,Yes,Piping
MAT-0098,Alloy Steel,4340,Rod,ASTM A182,Alloy Steel 4340 Rod,1053,518,28,324,233mm x 104mm,66,MT,269.27,Outokumpu,Robert Taylor,WO-2024-7792,MR-2024-498,PR-2024-46365,RFQ-2024-3782,2025-04-04,2025-04-29,Inspected,H666945,MTC-91707,Yes,No,Structural
MAT-0099,Alloy Steel,4340,Tube,ASTM A514,Alloy Steel 4340 Tube,679,707,29,250,232mm x 52mm,12,M,451.18,Sandvik,Amanda Brown,WO-2024-5314,MR-2024-971,PR-2024-95100,RFQ-2024-7075,2025-06-14,2025-07-22,On Site,H583694,MTC-96926,Yes,Yes,Heat Exchanger
MAT-0100,Alloy Steel,4340,Sheet,ASTM A182,Alloy Steel 4340 Sheet,996,754,28,241,411mm x 423mm,58,FT,47.14,Acerinox,Michael Garcia,WO-2024-8655,MR-2024-523,PR-2024-97758,RFQ-2024-6379,2025-05-10,2025-06-10,Active,H105781,MTC-18019,No,No,Heat Exchanger
MAT-0101,Alloy Steel,8620,Bar,ASTM A193,Alloy Steel 8620 Bar,508,482,25,150,73mm x 486mm,43,KG,137.78,ThyssenKrupp,Emily Martinez,WO-2024-8491,MR-2024-156,PR-2024-71087,RFQ-2024-5467,2025-05-14,2025-06-12,Active,H623775,MTC-80616,No,No,Valve
MAT-0102,Alloy Steel,8620,Plate,ASTM A29,Alloy Steel 8620 Plate,1135,361,31,218,109mm x 360mm,64,M,473.56,Sandvik,Michael Garcia,WO-2024-3877,MR-2024-920,PR-2024-16568,RFQ-2024-1716,2025-04-16,2025-05-20,In Transit,H841137,MTC-31546,Yes,Yes,Heat Exchanger
MAT-0103,Alloy Steel,8620,Rod,ASTM A514,Alloy Steel 8620 Rod,933,542,33,306,115mm x 316mm,7,MT,278.47,Nucor Steel,Emily Martinez,WO-2024-5728,MR-2024-804,PR-2024-14672,RFQ-2024-9741,2025-05-03,2025-06-07,In Transit,H780913,MTC-41033,Yes,Yes,Structural
MAT-0104,Alloy Steel,8620,Tube,ASTM A182,Alloy Steel 8620 Tube,669,590,25,318,328mm x 143mm,92,KG,298.75,Sandvik,Emily Martinez,WO-2024-7114,MR-2024-597,PR-2024-94289,RFQ-2024-4618,2025-04-02,2025-04-30,Inspected,H276947,MTC-57469,Yes,Yes,Valve
MAT-0105,Alloy Steel,8620,Sheet,ASTM A193,Alloy Steel 8620 Sheet,853,583,23,260,280mm x 177mm,57,KG,393.52,Special Metals,David Wilson,WO-2024-3957,MR-2024-607,PR-2024-87879,RFQ-2024-5020,2025-06-03,2025-07-11,In Transit,H253711,MTC-93306,No,No,Valve
MAT-0106,Alloy Steel,1045,Bar,ASTM A514,Alloy Steel 1045 Bar,1114,433,23,262,232mm x 163mm,96,M,108.48,Nucor Steel,David Wilson,WO-2024-2017,MR-2024-431,PR-2024-85824,RFQ-2024-3447,2025-05-15,2025-07-06,Active,H939744,MTC-46786,No,No,Pressure Vessel
MAT-0107,Alloy Steel,1045,Plate,ASTM A320,Alloy Steel 1045 Plate,727,672,24,160,91mm x 357mm,74,EA,174.81,ThyssenKrupp,Amanda Brown,WO-2024-6188,MR-2024-890,PR-2024-67340,RFQ-2024-4033,2025-05-11,2025-06-24,On Site,H223275,MTC-56008,No,No,Pressure Vessel
MAT-0108,Alloy Steel,1045,Rod,ASTM A29,Alloy Steel 1045 Rod,829,251,34,164,390mm x 476mm,22,KG,215.64,Aperam,John Smith,WO-2024-3624,MR-2024-635,PR-2024-84633,RFQ-2024-2823,2025-06-08,2025-06-22,Delivered,H936223,MTC-13469,No,No,Heat Exchanger
MAT-0109,Alloy Steel,1045,Tube,ASTM A514,Alloy Steel 1045 Tube,854,662,22,396,312mm x 292mm,2,EA,251.74,Outokumpu,Emily Martinez,WO-2024-5623,MR-2024-793,PR-2024-73237,RFQ-2024-2936,2025-04-26,2025-06-25,Active,H826161,MTC-81056,Yes,Yes,Piping
MAT-0110,Alloy Steel,1045,Sheet,ASTM A320,Alloy Steel 1045 Sheet,1002,710,21,396,194mm x 421mm,55,M,199.83,Nucor Steel,Emily Martinez,WO-2024-5477,MR-2024-292,PR-2024-39378,RFQ-2024-3631,2025-04-13,2025-05-24,Inspected,H705858,MTC-47117,Yes,No,Piping
MAT-0111,Alloy Steel,1018,Bar,ASTM A182,Alloy Steel 1018 Bar,969,576,34,291,203mm x 213mm,82,FT,171.25,Special Metals,Amanda Brown,WO-2024-6910,MR-2024-464,PR-2024-30307,RFQ-2024-4565,2025-06-14,2025-07-12,Delivered,H983527,MTC-82769,No,Yes,Heat Exchanger
MAT-0112,Alloy Steel,1018,Plate,ASTM A29,Alloy Steel 1018 Plate,432,738,24,355,375mm x 18mm,6,KG,411.35,Carpenter Technology,David Wilson,WO-2024-4189,MR-2024-165,PR-2024-94656,RFQ-2024-7543,2025-05-10,2025-06-07,Active,H812915,MTC-74706,Yes,No,Piping
MAT-0113,Alloy Steel,1018,Rod,ASTM A182,Alloy Steel 1018 Rod,458,698,23,161,122mm x 38mm,65,MT,296.16,VDM Metals,Michael Garcia,WO-2024-1423,MR-2024-210,PR-2024-42315,RFQ-2024-9635,2025-05-01,2025-06-02,In Transit,H209521,MTC-58343,No,No,Valve
MAT-0114,Alloy Steel,1018,Tube,ASTM A193,Alloy Steel 1018 Tube,1084,722,25,227,77mm x 405mm,70,FT,56.1,Special Metals,Amanda Brown,WO-2024-6228,MR-2024-864,PR-2024-86499,RFQ-2024-2572,2025-04-03,2025-05-09,Active,H179959,MTC-13722,Yes,No,Pressure Vessel
MAT-0115,Alloy Steel,1018,Sheet,ASTM A29,Alloy Steel 1018 Sheet,1066,691,29,293,415mm x 293mm,53,M,105.06,Acerinox,Sarah Johnson,WO-2024-4170,MR-2024-757,PR-2024-53705,RFQ-2024-4394,2025-05-26,2025-07-06,Delivered,H703915,MTC-99119,No,No,Structural
MAT-0116,Specialty Alloys,Inconel 625,Pipe,ASTM A240,Specialty Alloys Inconel 625 Pipe,590,427,29,162,404mm x 250mm,22,EA,331.19,Outokumpu,Lisa Rodriguez,WO-2024-2772,MR-2024-648,PR-2024-63541,RFQ-2024-7476,2025-03-31,2025-05-11,Delivered,H500824,MTC-21360,Yes,Yes,Heat Exchanger
MAT-0117,Specialty Alloys,Inconel 625,Plate,ASTM A240,Specialty Alloys Inconel 625 Plate,596,672,25,236,125mm x 194mm,54,KG,63.12,Nucor Steel,Mike Chen,WO-2024-4137,MR-2024-273,PR-2024-73948,RFQ-2024-9357,2025-05-11,2025-06-07,In Transit,H223119,MTC-39553,Yes,Yes,Valve
MAT-0118,Specialty Alloys,Inconel 625,Bar,ASTM A240,Specialty Alloys Inconel 625 Bar,446,598,34,368,222mm x 283mm,70,FT,465.88,VDM Metals,Lisa Rodriguez,WO-2024-5532,MR-2024-877,PR-2024-82179,RFQ-2024-9080,2025-05-31,2025-06-19,In Transit,H832335,MTC-40103,No,No,Pressure Vessel
MAT-0119,Specialty Alloys,Inconel 625,Sheet,ASTM A240,Specialty Alloys Inconel 625 Sheet,643,750,19,238,169mm x 176mm,84,EA,205.71,Carpenter Technology,Robert Taylor,WO-2024-5987,MR-2024-482,PR-2024-21050,RFQ-2024-9793,2025-06-07,2025-06-24,On Site,H329660,MTC-66322,No,No,Piping
MAT-0120,Specialty Alloys,Inconel 625,Fitting,ASTM B127,Specialty Alloys Inconel 625 Fitting,613,441,27,242,103mm x 108mm,90,MT,89.7,Special Metals,Emily Martinez,WO-2024-5570,MR-2024-148,PR-2024-91791,RFQ-2024-9283,2025-06-18,2025-08-17,Inspected,H877977,MTC-31071,Yes,Yes,Piping
MAT-0121,Specialty Alloys,Hastelloy C276,Pipe,ASTM A240,Specialty Alloys Hastelloy C276 Pipe,744,404,27,226,280mm x 492mm,20,KG,181.57,Special Metals,Sarah Johnson,WO-2024-9926,MR-2024-644,PR-2024-75985,RFQ-2024-1495,2025-04-11,2025-06-07,On Site,H391721,MTC-55643,Yes,No,Piping
MAT-0122,Specialty Alloys,Hastelloy C276,Plate,ASTM B127,Specialty Alloys Hastelloy C276 Plate,743,531,21,294,173mm x 221mm,32,EA,21.52,Special Metals,David Wilson,WO-2024-5827,MR-2024-789,PR-2024-97737,RFQ-2024-4171,2025-06-06,2025-07-13,On Site,H371364,MTC-52429,Yes,No,Heat Exchanger
MAT-0123,Specialty Alloys,Hastelloy C276,Bar,ASTM B127,Specialty Alloys Hastelloy C276 Bar,650,420,28,332,60mm x 152mm,74,MT,242.86,Allegheny Technologies,John Smith,WO-2024-2530,MR-2024-890,PR-2024-11985,RFQ-2024-5436,2025-05-27,2025-06-24,Active,H511926,MTC-35728,Yes,Yes,Valve
MAT-0124,Specialty Alloys,Hastelloy C276,Sheet,ASTM B637,Specialty Alloys Hastelloy C276 Sheet,876,574,27,172,398mm x 428mm,40,EA,487.81,Nucor Steel,Robert Taylor,WO-2024-2413,MR-2024-173,PR-2024-95778,RFQ-2024-2245,2025-04-27,2025-05-27,On Site,H544081,MTC-62089,Yes,No,Piping
MAT-0125,Specialty Alloys,Hastelloy C276,Fitting,ASTM B575,Specialty Alloys Hastelloy C276 Fitting,480,273,34,209,112mm x 184mm,93,FT,165.58,Nucor Steel,Sarah Johnson,WO-2024-9215,MR-2024-550,PR-2024-67075,RFQ-2024-9969,2025-04-27,2025-06-11,Active,H959157,MTC-91734,Yes,Yes,Heat Exchanger
MAT-0126,Specialty Alloys,Monel 400,Pipe,ASTM A240,Specialty Alloys Monel 400 Pipe,947,524,34,346,217mm x 58mm,74,KG,383.39,Allegheny Technologies,Robert Taylor,WO-2024-3604,MR-2024-808,PR-2024-91396,RFQ-2024-3415,2025-05-05,2025-07-03,Inspected,H458187,MTC-97644,No,No,Heat Exchanger
MAT-0127,Specialty Alloys,Monel 400,Plate,ASTM B443,Specialty Alloys Monel 400 Plate,561,764,35,375,441mm x 316mm,52,M,154.95,Nucor Steel,Lisa Rodriguez,WO-2024-2411,MR-2024-233,PR-2024-46185,RFQ-2024-2191,2025-06-21,2025-07-20,Delivered,H635280,MTC-83512,Yes,No,Heat Exchanger
MAT-0128,Specialty Alloys,Monel 400,Bar,ASTM B443,Specialty Alloys Monel 400 Bar,819,799,16,216,493mm x 136mm,26,EA,440.64,Allegheny Technologies,Mike Chen,WO-2024-7937,MR-2024-531,PR-2024-13446,RFQ-2024-3721,2025-04-28,2025-05-24,On Site,H199965,MTC-74819,No,No,Pressure Vessel
MAT-0129,Specialty Alloys,Monel 400,Sheet,ASTM B575,Specialty Alloys Monel 400 Sheet,878,484,20,317,295mm x 190mm,85,FT,302.87,Special Metals,John Smith,WO-2024-8389,MR-2024-264,PR-2024-71349,RFQ-2024-5773,2025-03-31,2025-05-27,Inspected,H302118,MTC-22432,Yes,Yes,Valve
MAT-0130,Specialty Alloys,Monel 400,Fitting,ASTM B443,Specialty Alloys Monel 400 Fitting,1189,703,20,287,463mm x 27mm,78,MT,341.58,ThyssenKrupp,Jennifer Davis,WO-2024-6172,MR-2024-637,PR-2024-61750,RFQ-2024-7790,2025-05-31,2025-06-22,Active,H106297,MTC-79352,Yes,No,Valve
MAT-0131,Specialty Alloys,Inconel 718,Pipe,ASTM B637,Specialty Alloys Inconel 718 Pipe,463,436,31,282,447mm x 299mm,1,FT,258.4,Nucor Steel,John Smith,WO-2024-9973,MR-2024-149,PR-2024-87919,RFQ-2024-1649,2025-04-09,2025-04-28,Inspected,H105033,MTC-57814,Yes,No,Valve
MAT-0132,Specialty Alloys,Inconel 718,Plate,ASTM B127,Specialty Alloys Inconel 718 Plate,430,443,30,201,473mm x 291mm,78,MT,72.43,Aperam,Lisa Rodriguez,WO-2024-3028,MR-2024-148,PR-2024-47744,RFQ-2024-1018,2025-06-23,2025-07-14,Delivered,H427886,MTC-71194,Yes,Yes,Pressure Vessel
MAT-0133,Specialty Alloys,Inconel 718,Bar,ASTM B637,Specialty Alloys Inconel 718 Bar,510,689,20,238,266mm x 376mm,89,KG,40.2,Acerinox,Amanda Brown,WO-2024-9484,MR-2024-121,PR-2024-14138,RFQ-2024-4030,2025-04-15,2025-05-21,Active,H930901,MTC-31127,Yes,No,Pressure Vessel
MAT-0134,Specialty Alloys,Inconel 718,Sheet,ASTM B637,Specialty Alloys Inconel 718 Sheet,494,318,21,201,95mm x 409mm,72,EA,229.74,ThyssenKrupp,Sarah Johnson,WO-2024-5259,MR-2024-171,PR-2024-51562,RFQ-2024-8353,2025-06-17,2025-07-22,Delivered,H634940,MTC-68388,No,Yes,Pressure Vessel
MAT-0135,Specialty Alloys,Inconel 718,Fitting,ASTM A240,Specialty Alloys Inconel 718 Fitting,997,787,30,183,301mm x 398mm,30,MT,338.73,Aperam,Emily Martinez,WO-2024-8958,MR-2024-371,PR-2024-86866,RFQ-2024-6508,2025-04-08,2025-05-31,Active,H101641,MTC-99245,No,No,Valve
MAT-0136,Specialty Alloys,Duplex 2205,Pipe,ASTM B127,Specialty Alloys Duplex 2205 Pipe,563,731,25,355,465mm x 11mm,34,MT,199.67,Sandvik,John Smith,WO-2024-1865,MR-2024-694,PR-2024-73847,RFQ-2024-2227,2025-04-19,2025-05-09,Delivered,H818281,MTC-28318,Yes,No,Heat Exchanger
MAT-0137,Specialty Alloys,Duplex 2205,Plate,ASTM B127,Specialty Alloys Duplex 2205 Plate,542,408,30,276,150mm x 379mm,54,KG,37.73,Outokumpu,John Smith,WO-2024-6634,MR-2024-383,PR-2024-30146,RFQ-2024-5357,2025-04-27,2025-05-25,Active,H230256,MTC-74692,Yes,Yes,Heat Exchanger
MAT-0138,Specialty Alloys,Duplex 2205,Bar,ASTM B127,Specialty Alloys Duplex 2205 Bar,963,769,23,330,443mm x 208mm,77,M,88.05,Outokumpu,David Wilson,WO-2024-8773,MR-2024-581,PR-2024-10323,RFQ-2024-6107,2025-05-20,2025-06-30,On Site,H278776,MTC-14469,No,Yes,Pressure Vessel
MAT-0139,Specialty Alloys,Duplex 2205,Sheet,ASTM B575,Specialty Alloys Duplex 2205 Sheet,1181,671,24,327,138mm x 332mm,61,MT,332.24,Allegheny Technologies,Sarah Johnson,WO-2024-2774,MR-2024-312,PR-2024-26894,RFQ-2024-4840,2025-05-19,2025-06-24,Delivered,H798585,MTC-65437,No,No,Valve
MAT-0140,Specialty Alloys,Duplex 2205,Fitting,ASTM B575,Specialty Alloys Duplex 2205 Fitting,616,408,35,273,23mm x 422mm,65,M,291.2,Carpenter Technology,Jennifer Davis,WO-2024-6319,MR-2024-743,PR-2024-90169,RFQ-2024-1542,2025-04-20,2025-05-05,Delivered,H980965,MTC-15085,Yes,Yes,Heat Exchanger
